Name,Spike Protein Substitutions,First Detected
B.1.1.7,"69del, 70del, 144del, N501Y, A570D, D614G, P681H, T716I, S982A, D1118H",United Kingdom
B.1.351,"D80A, D215G, 241del, 242del, 243del, K417N, E484K, N501Y, D614G, A701V",South Africa
B.1.427,"L452R, D614G",United States-(California)
B.1.429,"S13I, W152C, L452R, D614G",United States-(California)
B.1.617,"L452R, E484Q, D614G",India – February 2021
B.1.617.1,"G142D, E154K, L452R, E484Q, D614G, P681R, Q1071H",India – December 2020
B.1.617.2,"T19R, 156del, 157del, R158G, L452R, T478K, D614G, P681R, D950N",India – December 2020
B.1.617.3,"T19R, G142D, L452R, E484Q, D614G, P681R, D950N",India – October 2020
P.1,"L18F, T20N, P26S, D138Y, R190S, K417T, E484K, N501Y, D614G, H655Y, T1027I",Japan/Brazil
P.2,"E484K, D614G, V1176F",Brazil – April 2020
